{
  "project_info": {
    "project_number": "389362401344",
    "firebase_url": "https://interview-53bb1.firebaseio.com",
    "project_id": "interview-53bb1",
    "storage_bucket": "interview-53bb1.appspot.com"
  },
  "client": [
    {
      "client_info": {
        "mobilesdk_app_id": "1:389362401344:android:74942acb04d96c6e",
        "android_client_info": {
          "package_name": "com.sree.sreekanthreddy.interview"
        }
      },
      "oauth_client": [
        {
          "client_id": "389362401344-camdjcqludbe6qftv9dgfg6v9kmim0v5.apps.googleusercontent.com",
          "client_type": 1,
          "android_info": {
            "package_name": "com.sree.sreekanthreddy.interview",
            "certificate_hash": "3337526e4cbdeeb010c6866ae80456637aceb958"
          }
        },
        {
          "client_id": "389362401344-reqqec1uacj7h76d78uglho095u1k46s.apps.googleusercontent.com",
          "client_type": 3
        }
      ],
      "api_key": [
        {
          "current_key": "AIzaSyDZihp4i_A17e7Gp-XvVV7KItdnnF-BsdI"
        }
      ],
      "services": {
        "analytics_service": {
          "status": 1
        },
        "appinvite_service": {
          "status": 2,
          "other_platform_oauth_client": [
            {
              "client_id": "389362401344-reqqec1uacj7h76d78uglho095u1k46s.apps.googleusercontent.com",
              "client_type": 3
            }
          ]
        },
        "ads_service": {
          "status": 2
        }
      }
    }
  ],
  "configuration_version": "1"
}