{
  "project_info": {
    "project_number": "911126265751",
    "firebase_url": "https://ramcharan-app.firebaseio.com",
    "project_id": "ramcharan-app",
    "storage_bucket": "ramcharan-app.appspot.com"
  },
  "client": [
    {
      "client_info": {
        "mobilesdk_app_id": "1:911126265751:android:7f212bbf0ddec917",
        "android_client_info": {
          "package_name": "com.sree.sreekanthreddy.ramcharan"
        }
      },
      "oauth_client": [
        {
          "client_id": "911126265751-a4n8oeogjre07rs6nmqk281sj2e3cpv8.apps.googleusercontent.com",
          "client_type": 3
        }
      ],
      "api_key": [
        {
          "current_key": "AIzaSyAJPstsa9BT54dLaBEGHRRIWCm5GGIckB4"
        }
      ],
      "services": {
        "analytics_service": {
          "status": 1
        },
        "appinvite_service": {
          "status": 1,
          "other_platform_oauth_client": []
        },
        "ads_service": {
          "status": 2
        }
      }
    }
  ],
  "configuration_version": "1"
}